DeviceIDAnon,DeviceName,Location,DateTime,Type
43:C5:03:2A:XX:XX,null,"39.629623,-77.7640783",1702594423,No Identifier - Unknown Manufacturer
77:55:77:12:XX:XX,null,"39.629623,-77.7640783",1702594423,No Identifier - Unknown Manufacturer
EC:47:F1:94:XX:XX,null,"39.629623,-77.7640783",1702594423,No Identifier - Unknown Manufacturer
5C:8B:B1:53:XX:XX,null,"39.6275645,-77.7665361",1702594485,No Identifier - Unknown Manufacturer
7A:E5:F5:B4:XX:XX,null,"39.6275645,-77.7665361",1702594485,No Identifier - Unknown Manufacturer
E2:2B:86:A6:XX:XX,null,"39.6275645,-77.7665361",1702594485,No Identifier - Unknown Manufacturer
72:12:70:E6:XX:XX,null,"39.6275645,-77.7665361",1702594485,No Identifier - Unknown Manufacturer
C8:9E:0E:8E:XX:XX,null,"39.6275645,-77.7665361",1702594485,No Identifier - Unknown Manufacturer
46:1C:E0:F6:XX:XX,null,"39.6275645,-77.7665361",1702594485,No Identifier - Unknown Manufacturer
D9:4F:8B:E6:XX:XX,null,"39.6275645,-77.7665361",1702594485,No Identifier - Unknown Manufacturer
5E:73:61:EF:XX:XX,null,"39.6275645,-77.7665361",1702594485,No Identifier - Unknown Manufacturer
72:27:C1:19:XX:XX,null,"39.6275645,-77.7665361",1702594485,No Identifier - Unknown Manufacturer
67:21:E5:80:XX:XX,null,"39.6275645,-77.7665361",1702594485,No Identifier - Unknown Manufacturer
53:DE:A8:B9:XX:XX,null,"39.6275645,-77.7665361",1702594485,No Identifier - Unknown Manufacturer
F9:9C:7D:F3:XX:XX,null,"39.6275645,-77.7665361",1702594485,No Identifier - Unknown Manufacturer
7A:83:2C:65:XX:XX,null,"39.6275645,-77.7665361",1702594485,No Identifier - Unknown Manufacturer
F3:C0:5A:C0:XX:XX,null,"39.6275645,-77.7665361",1702594485,No Identifier - Unknown Manufacturer
C4:87:2E:7D:XX:XX,null,"39.6275645,-77.7665361",1702594485,No Identifier - Unknown Manufacturer
6A:9F:85:B4:XX:XX,null,"39.6275645,-77.7665361",1702594485,No Identifier - Unknown Manufacturer
7D:23:F6:26:XX:XX,null,"39.6275645,-77.7665361",1702594485,No Identifier - Unknown Manufacturer
5A:CE:80:87:XX:XX,null,"39.6275645,-77.7665361",1702594485,No Identifier - Unknown Manufacturer
46:1C:E0:F6:XX:XX,null,"39.6275645,-77.7665361",1702594538,No Identifier - Unknown Manufacturer
5C:8B:B1:53:XX:XX,null,"39.6275645,-77.7665361",1702594538,No Identifier - Unknown Manufacturer
53:DE:A8:B9:XX:XX,null,"39.6275645,-77.7665361",1702594538,No Identifier - Unknown Manufacturer
72:27:C1:19:XX:XX,null,"39.6275645,-77.7665361",1702594538,No Identifier - Unknown Manufacturer
E2:56:9E:DA:XX:XX,null,"39.6275645,-77.7665361",1702594538,No Identifier - Unknown Manufacturer
EF:C7:00:3E:XX:XX,null,"39.6275645,-77.7665361",1702594538,No Identifier - Unknown Manufacturer
7A:E5:F5:B4:XX:XX,null,"39.6275645,-77.7665361",1702594538,No Identifier - Unknown Manufacturer
61:05:90:50:XX:XX,null,"39.6275645,-77.7665361",1702594538,No Identifier - Unknown Manufacturer
5E:73:61:EF:XX:XX,null,"39.6275645,-77.7665361",1702594538,No Identifier - Unknown Manufacturer
E5:40:03:1E:XX:XX,null,"39.6275645,-77.7665361",1702594538,No Identifier - Unknown Manufacturer
50:8C:78:67:XX:XX,null,"39.6259145,-77.7668366",1702594586,No Identifier - Unknown Manufacturer
72:27:C1:19:XX:XX,null,"39.6259145,-77.7668366",1702594586,No Identifier - Unknown Manufacturer
E9:8D:8B:FE:XX:XX,null,"39.6242091,-77.7673595",1702594626,No Identifier - Unknown Manufacturer
3C:F5:10:7D:XX:XX,null,"39.6242091,-77.7673595",1702594626,No Identifier - Unknown Manufacturer
67:20:E1:C6:XX:XX,null,"39.6242091,-77.7673595",1702594626,No Identifier - Unknown Manufacturer
3B:6E:74:4B:XX:XX,null,"39.6242091,-77.7673595",1702594626,No Identifier - Unknown Manufacturer
07:1D:5A:2C:XX:XX,null,"39.6241829,-77.768951",1702594783,No Identifier - Unknown Manufacturer
6F:2C:6C:03:XX:XX,null,"39.6241829,-77.768951",1702594783,No Identifier - Unknown Manufacturer
D0:62:D1:51:XX:XX,null,"39.6241829,-77.768951",1702594783,No Identifier - Unknown Manufacturer
BC:0F:F3:FA:XX:XX,null,"39.6241829,-77.768951",1702594783,No Identifier - Unknown Manufacturer
D0:14:4B:30:XX:XX,AT 52810,"39.6241829,-77.768951",1702594783,System-on-Chip (SoC) - Unknown Vendor
75:16:63:2D:XX:XX,null,"39.6241829,-77.768951",1702594783,No Identifier - Unknown Manufacturer
D6:A2:06:5A:XX:XX,null,"39.6241829,-77.768951",1702594783,No Identifier - Unknown Manufacturer
6A:21:B7:DD:XX:XX,null,"39.6241829,-77.768951",1702594783,No Identifier - Unknown Manufacturer
8C:88:2B:01:XX:XX,IVS81E35E837A,"39.6241829,-77.768951",1702594783,Unique Identifier - Unknown Vendor
20:0B:16:DE:XX:XX,Sfa5f275e38841958C,"39.6241829,-77.768951",1702594783,Unique Identifier - Texas Instruments
44:1D:6F:E6:XX:XX,null,"39.6241829,-77.768951",1702594783,No Identifier - Unknown Manufacturer
FD:94:C7:4C:XX:XX,null,"39.6241829,-77.768951",1702594783,No Identifier - Unknown Manufacturer
78:75:9C:92:XX:XX,null,"39.6241829,-77.768951",1702594783,No Identifier - Unknown Manufacturer
0C:EF:DF:AB:XX:XX,null,"39.6241829,-77.768951",1702594783,No Identifier - Unknown Manufacturer
B0:99:D7:C6:XX:XX,null,"39.6241829,-77.768951",1702594783,No Identifier - Unknown Manufacturer
59:5F:F6:79:XX:XX,null,"39.6241829,-77.768951",1702594783,No Identifier - Unknown Manufacturer
76:68:61:E6:XX:XX,null,"39.6245274,-77.7687858",1702594834,No Identifier - Unknown Manufacturer
0C:EF:DF:AB:XX:XX,null,"39.6245274,-77.7687858",1702594834,No Identifier - Unknown Manufacturer
8C:88:2B:01:XX:XX,IVS81E35E837A,"39.6245274,-77.7687858",1702594834,Unique Identifier - Unknown Vendor
72:1E:90:60:XX:XX,null,"39.6245274,-77.7687858",1702594834,No Identifier - Unknown Manufacturer
CD:48:3C:C4:XX:XX,null,"39.6245274,-77.7687858",1702594834,No Identifier - Unknown Manufacturer
2F:59:D1:41:XX:XX,null,"39.6245274,-77.7687858",1702594834,No Identifier - Unknown Manufacturer
54:BB:48:B8:XX:XX,null,"39.6245274,-77.7687858",1702594834,No Identifier - Unknown Manufacturer
E2:BB:9E:59:XX:XX,ET-2800 Series,"39.6245274,-77.7687858",1702594834,Printer
64:EF:E6:4E:XX:XX,null,"39.6245274,-77.7687858",1702594834,No Identifier - Unknown Manufacturer
8C:88:2B:01:XX:XX,IVS819C827355,"39.6245274,-77.7687858",1702594834,Unique Identifier - Unknown Vendor
46:AF:09:EB:XX:XX,null,"39.6248994,-77.7699608",1702595057,No Identifier - Unknown Manufacturer
A4:DA:32:25:XX:XX,Square Reader 0795,"39.6248994,-77.7699608",1702595057,Payment Processing
60:C3:47:93:XX:XX,null,"39.6248994,-77.7699608",1702595057,No Identifier - Unknown Manufacturer
63:09:62:54:XX:XX,null,"39.6248994,-77.7699608",1702595057,No Identifier - Unknown Manufacturer
71:2B:EC:87:XX:XX,null,"39.6248994,-77.7699608",1702595057,No Identifier - Unknown Manufacturer
14:F4:51:1A:XX:XX,null,"39.6248994,-77.7699608",1702595057,No Identifier - Unknown Manufacturer
13:24:0D:8B:XX:XX,null,"39.6248994,-77.7699608",1702595057,No Identifier - Unknown Manufacturer
C4:55:21:7F:XX:XX,null,"39.6248994,-77.7699608",1702595057,No Identifier - Unknown Manufacturer
4E:DA:AC:55:XX:XX,null,"39.6248994,-77.7699608",1702595057,No Identifier - Unknown Manufacturer
37:20:07:24:XX:XX,null,"39.6248994,-77.7699608",1702595057,No Identifier - Unknown Manufacturer
4D:09:AD:B3:XX:XX,null,"39.6248994,-77.7699608",1702595057,No Identifier - Unknown Manufacturer
46:C7:6C:21:XX:XX,null,"39.6248994,-77.7699608",1702595057,No Identifier - Unknown Manufacturer
67:5B:8F:F5:XX:XX,null,"39.6248994,-77.7699608",1702595057,No Identifier - Unknown Manufacturer
51:BA:8A:CC:XX:XX,null,"39.6248994,-77.7699608",1702595057,No Identifier - Unknown Manufacturer
6A:16:51:AD:XX:XX,null,"39.6248994,-77.7699608",1702595057,No Identifier - Unknown Manufacturer
63:C3:55:BF:XX:XX,null,"39.6248994,-77.7699608",1702595057,No Identifier - Unknown Manufacturer
2A:EF:99:72:XX:XX,null,"39.6248994,-77.7699608",1702595057,No Identifier - Unknown Manufacturer
C6:7B:60:12:XX:XX,null,"39.6248994,-77.7699608",1702595057,No Identifier - Unknown Manufacturer
32:9E:2F:24:XX:XX,null,"39.6248994,-77.7699608",1702595057,No Identifier - Unknown Manufacturer
EB:48:49:25:XX:XX,null,"39.6248994,-77.7699608",1702595057,No Identifier - Unknown Manufacturer
45:A9:8E:C1:XX:XX,null,"39.6248994,-77.7699608",1702595057,No Identifier - Unknown Manufacturer
D4:AD:FC:20:XX:XX,GBK_H619B_C018,"39.6248994,-77.7699608",1702595057,Smart Light
29:B2:59:BB:XX:XX,null,"39.6248994,-77.7699608",1702595057,No Identifier - Unknown Manufacturer
51:6D:EE:99:XX:XX,null,"39.6248994,-77.7699608",1702595057,No Identifier - Unknown Manufacturer
59:C5:EA:9F:XX:XX,null,"39.6248994,-77.7699608",1702595057,No Identifier - Unknown Manufacturer
52:C7:D1:08:XX:XX,null,"39.6248994,-77.7699608",1702595057,No Identifier - Unknown Manufacturer
E4:FF:92:91:XX:XX,null,"39.6248994,-77.7699608",1702595057,No Identifier - Unknown Manufacturer
74:C7:58:F5:XX:XX,null,"39.6248994,-77.7699608",1702595057,No Identifier - Unknown Manufacturer
40:DB:C1:A1:XX:XX,null,"39.6247255,-77.770475",1702595111,No Identifier - Unknown Manufacturer
40:C5:27:52:XX:XX,null,"39.6247255,-77.770475",1702595111,No Identifier - Unknown Manufacturer
58:27:76:D7:XX:XX,H,"39.6247255,-77.770475",1702595111,Generic Identifier - Unknown Vendor
FE:B8:E3:37:XX:XX,null,"39.6247255,-77.770475",1702595111,No Identifier - Unknown Manufacturer
22:74:47:41:XX:XX,KS03-560648,"39.6247255,-77.770475",1702595111,Smart Light
76:8A:9C:19:XX:XX,null,"39.6247255,-77.770475",1702595111,No Identifier - Unknown Manufacturer
29:B2:59:BB:XX:XX,null,"39.6247255,-77.770475",1702595111,No Identifier - Unknown Manufacturer
28:DE:65:16:XX:XX,5AEA00000A9<`6W!@;<PXPd9F-C)2,"39.6247255,-77.770475",1702595111,Unique Identifier - Aruba/HP
30:42:A1:01:XX:XX,tAC  71b6 0Z---,"39.6247255,-77.770475",1702595111,Smart Light
26:44:7A:53:XX:XX,null,"39.6247255,-77.770475",1702595111,No Identifier - Unknown Manufacturer
D4:AD:FC:20:XX:XX,GBK_H619B_C018,"39.6247255,-77.770475",1702595111,Smart Light
D9:F9:84:7A:XX:XX,null,"39.6247255,-77.770475",1702595111,No Identifier - Unknown Manufacturer
51:BA:8A:CC:XX:XX,null,"39.6247255,-77.770475",1702595111,No Identifier - Unknown Manufacturer
68:3A:1E:2E:XX:XX,null,"39.6247255,-77.770475",1702595111,No Identifier - Unknown Manufacturer
7A:DA:C8:2F:XX:XX,null,"39.6247255,-77.770475",1702595111,No Identifier - Unknown Manufacturer
68:3A:1E:2E:XX:XX,null,"39.6247255,-77.770475",1702595111,No Identifier - Unknown Manufacturer
4B:C2:1C:88:XX:XX,null,"39.6247255,-77.770475",1702595111,No Identifier - Unknown Manufacturer
7D:9B:AC:16:XX:XX,null,"39.6247255,-77.770475",1702595111,No Identifier - Unknown Manufacturer
69:F1:28:13:XX:XX,null,"39.6247255,-77.770475",1702595111,No Identifier - Unknown Manufacturer
62:C3:A0:B3:XX:XX,null,"39.6247255,-77.770475",1702595111,No Identifier - Unknown Manufacturer
63:DB:80:24:XX:XX,null,"39.6247255,-77.770475",1702595111,No Identifier - Unknown Manufacturer
48:88:C5:0F:XX:XX,null,"39.6247255,-77.770475",1702595111,No Identifier - Unknown Manufacturer
4E:B9:98:CA:XX:XX,null,"39.6247255,-77.770475",1702595111,No Identifier - Unknown Manufacturer
FB:78:93:74:XX:XX,null,"39.6247255,-77.770475",1702595111,No Identifier - Unknown Manufacturer
30:42:A1:01:XX:XX,tAC  7417 0Z---,"39.6247255,-77.770475",1702595111,Smart Light
A8:00:E3:15:XX:XX,null,"39.6247255,-77.770475",1702595111,No Identifier - Unknown Manufacturer
08:00:00:63:XX:XX,null,"39.6247255,-77.770475",1702595111,No Identifier - Unknown Manufacturer
30:42:A1:01:XX:XX,tAC  7378 0Z---,"39.623997,-77.7713591",1702595335,Smart Light
7C:1B:4F:50:XX:XX,null,"39.623997,-77.7713591",1702595335,No Identifier - Unknown Manufacturer
D2:18:A9:A7:XX:XX,null,"39.623997,-77.7713591",1702595335,No Identifier - Unknown Manufacturer
22:64:F0:83:XX:XX,null,"39.623997,-77.7713591",1702595335,No Identifier - Unknown Manufacturer
78:C5:30:19:XX:XX,null,"39.623997,-77.7713591",1702595335,No Identifier - Unknown Manufacturer
5C:A7:70:71:XX:XX,null,"39.623997,-77.7713591",1702595335,No Identifier - Unknown Manufacturer
52:85:36:8B:XX:XX,null,"39.623997,-77.7713591",1702595335,No Identifier - Unknown Manufacturer
30:42:A1:01:XX:XX,tAC  739d 0Z---,"39.623997,-77.7713591",1702595335,Smart Light
62:B5:5B:40:XX:XX,null,"39.623997,-77.7713591",1702595335,No Identifier - Unknown Manufacturer
7D:09:8A:CC:XX:XX,null,"39.623997,-77.7713591",1702595335,No Identifier - Unknown Manufacturer
FE:27:02:E0:XX:XX,null,"39.623997,-77.7713591",1702595335,No Identifier - Unknown Manufacturer
63:9C:FE:85:XX:XX,null,"39.623997,-77.7713591",1702595335,No Identifier - Unknown Manufacturer
67:18:C2:8C:XX:XX,null,"39.623997,-77.7713591",1702595335,No Identifier - Unknown Manufacturer
77:EC:7F:94:XX:XX,null,"39.623997,-77.7713591",1702595335,No Identifier - Unknown Manufacturer
78:13:A3:3A:XX:XX,null,"39.623997,-77.7713591",1702595335,No Identifier - Unknown Manufacturer
EE:7B:76:1B:XX:XX,null,"39.623997,-77.7713591",1702595335,No Identifier - Unknown Manufacturer
46:95:F4:D4:XX:XX,null,"39.623997,-77.7713591",1702595335,No Identifier - Unknown Manufacturer
BC:45:5B:CD:XX:XX,[TV] Samsung BE 43 TV,"39.623997,-77.7713591",1702595335,Smart TV
79:DD:0B:5F:XX:XX,null,"39.623997,-77.7713591",1702595335,No Identifier - Unknown Manufacturer
61:C7:D6:92:XX:XX,null,"39.623997,-77.7713591",1702595335,No Identifier - Unknown Manufacturer
02:99:FD:46:XX:XX,null,"39.623997,-77.7713591",1702595335,No Identifier - Unknown Manufacturer
74:66:2D:46:XX:XX,null,"39.623997,-77.7713591",1702595335,No Identifier - Unknown Manufacturer
6D:A2:55:95:XX:XX,null,"39.623997,-77.7713591",1702595335,No Identifier - Unknown Manufacturer
47:02:66:3E:XX:XX,null,"39.623997,-77.7713591",1702595335,No Identifier - Unknown Manufacturer
D0:10:60:68:XX:XX,WGX iBeacon,"39.623997,-77.7713591",1702595335,Retail Consumer Tracking Beacon
68:C6:84:9D:XX:XX,null,"39.623997,-77.7713591",1702595335,No Identifier - Unknown Manufacturer
4A:02:59:A8:XX:XX,null,"39.6237089,-77.7715251",1702595397,No Identifier - Unknown Manufacturer
3F:32:66:44:XX:XX,null,"39.6237089,-77.7715251",1702595397,No Identifier - Unknown Manufacturer
C9:21:9B:E4:XX:XX,null,"39.6237089,-77.7715251",1702595397,No Identifier - Unknown Manufacturer
62:28:8A:FD:XX:XX,null,"39.6237089,-77.7715251",1702595397,No Identifier - Unknown Manufacturer
43:17:18:D1:XX:XX,null,"39.6237089,-77.7715251",1702595397,No Identifier - Unknown Manufacturer
66:D9:75:6A:XX:XX,null,"39.6237089,-77.7715251",1702595397,No Identifier - Unknown Manufacturer
63:9C:FE:85:XX:XX,null,"39.6237089,-77.7715251",1702595397,No Identifier - Unknown Manufacturer
32:24:A9:6C:XX:XX,null,"39.6237089,-77.7715251",1702595397,No Identifier - Unknown Manufacturer
22:64:F0:83:XX:XX,null,"39.6237089,-77.7715251",1702595397,No Identifier - Unknown Manufacturer
43:53:8C:24:XX:XX,null,"39.6237089,-77.7715251",1702595397,No Identifier - Unknown Manufacturer
C6:EE:C9:71:XX:XX,null,"39.6237089,-77.7715251",1702595397,No Identifier - Unknown Manufacturer
4A:A2:7A:61:XX:XX,null,"39.6237089,-77.7715251",1702595397,No Identifier - Unknown Manufacturer
62:B5:5B:40:XX:XX,null,"39.6237089,-77.7715251",1702595397,No Identifier - Unknown Manufacturer
7D:09:8A:CC:XX:XX,null,"39.6237089,-77.7715251",1702595397,No Identifier - Unknown Manufacturer
D8:06:93:34:XX:XX,null,"39.6237089,-77.7715251",1702595397,No Identifier - Unknown Manufacturer
30:42:A1:01:XX:XX,tAC  7511 0Z---,"39.6237089,-77.7715251",1702595397,Smart Light
08:24:19:72:XX:XX,null,"39.6237089,-77.7715251",1702595397,No Identifier - Unknown Manufacturer
07:7C:F8:72:XX:XX,null,"39.6237089,-77.7715251",1702595397,No Identifier - Unknown Manufacturer
68:C6:84:9D:XX:XX,null,"39.6237089,-77.7715251",1702595397,No Identifier - Unknown Manufacturer
37:0D:02:37:XX:XX,null,"39.6237089,-77.7715251",1702595397,No Identifier - Unknown Manufacturer
74:9A:42:B8:XX:XX,null,"39.6237089,-77.7715251",1702595397,No Identifier - Unknown Manufacturer
02:6F:20:55:XX:XX,null,"39.6237089,-77.7715251",1702595397,No Identifier - Unknown Manufacturer
2C:09:3D:71:XX:XX,null,"39.6237089,-77.7715251",1702595397,No Identifier - Unknown Manufacturer
33:A6:5B:51:XX:XX,null,"39.6237089,-77.7715251",1702595397,No Identifier - Unknown Manufacturer
30:B6:D6:42:XX:XX,null,"39.6237089,-77.7715251",1702595397,No Identifier - Unknown Manufacturer
5B:CB:05:1B:XX:XX,null,"39.6237089,-77.7715251",1702595397,No Identifier - Unknown Manufacturer
F2:6B:10:66:XX:XX,WGX iBeacon,"39.623657,-77.7714727",1702595512,Retail Consumer Tracking Beacon
88:6B:0F:2E:XX:XX,null,"39.623657,-77.7714727",1702595512,No Identifier - Unknown Manufacturer
7C:29:05:6D:XX:XX,null,"39.623657,-77.7714727",1702595512,No Identifier - Unknown Manufacturer
68:79:1C:BC:XX:XX,null,"39.623657,-77.7714727",1702595512,No Identifier - Unknown Manufacturer
E8:D2:3A:56:XX:XX,null,"39.623657,-77.7714727",1702595512,No Identifier - Unknown Manufacturer
44:BB:3B:09:XX:XX,Nest Cam,"39.623657,-77.7714727",1702595512,Security Camera
30:42:A1:01:XX:XX,tAC  704c 0Z---,"39.623657,-77.7714727",1702595512,Smart Light
72:A5:54:5A:XX:XX,null,"39.623657,-77.7714727",1702595512,No Identifier - Unknown Manufacturer
56:EF:85:97:XX:XX,null,"39.623657,-77.7714727",1702595512,No Identifier - Unknown Manufacturer
56:DE:4A:BE:XX:XX,null,"39.623657,-77.7714727",1702595512,No Identifier - Unknown Manufacturer
68:C6:84:9D:XX:XX,null,"39.623657,-77.7714727",1702595512,No Identifier - Unknown Manufacturer
F3:94:75:FB:XX:XX,null,"39.623657,-77.7714727",1702595512,No Identifier - Unknown Manufacturer
F4:FF:46:19:XX:XX,null,"39.623657,-77.7714727",1702595512,No Identifier - Unknown Manufacturer
77:EC:7F:94:XX:XX,null,"39.623657,-77.7714727",1702595512,No Identifier - Unknown Manufacturer
45:27:7A:AE:XX:XX,null,"39.623657,-77.7714727",1702595512,No Identifier - Unknown Manufacturer
79:49:52:32:XX:XX,null,"39.623657,-77.7714727",1702595512,No Identifier - Unknown Manufacturer
5D:67:0C:ED:XX:XX,null,"39.623657,-77.7714727",1702595512,No Identifier - Unknown Manufacturer
43:53:8C:24:XX:XX,null,"39.623657,-77.7714727",1702595512,No Identifier - Unknown Manufacturer
5B:CB:05:1B:XX:XX,null,"39.623657,-77.7714727",1702595512,No Identifier - Unknown Manufacturer
57:0B:83:79:XX:XX,null,"39.623657,-77.7714727",1702595512,No Identifier - Unknown Manufacturer
60:A1:21:B4:XX:XX,null,"39.623657,-77.7714727",1702595512,No Identifier - Unknown Manufacturer
22:64:F0:83:XX:XX,null,"39.623657,-77.7714727",1702595512,No Identifier - Unknown Manufacturer
30:42:A1:01:XX:XX,tAC  74ec 0Z---,"39.623657,-77.7714727",1702595512,Smart Light
48:6B:72:95:XX:XX,null,"39.623657,-77.7714727",1702595512,No Identifier - Unknown Manufacturer
F0:24:F3:90:XX:XX,null,"39.623657,-77.7714727",1702595512,No Identifier - Unknown Manufacturer
78:13:A3:3A:XX:XX,null,"39.623657,-77.7714727",1702595512,No Identifier - Unknown Manufacturer
49:6B:21:22:XX:XX,null,"39.623657,-77.7714727",1702595512,No Identifier - Unknown Manufacturer
C6:40:13:A6:XX:XX,null,"39.623657,-77.7714727",1702595708,No Identifier - Unknown Manufacturer
13:40:EB:69:XX:XX,null,"39.623657,-77.7714727",1702595708,No Identifier - Unknown Manufacturer
5B:CB:05:1B:XX:XX,null,"39.623657,-77.7714727",1702595708,No Identifier - Unknown Manufacturer
6A:F3:96:2C:XX:XX,null,"39.623657,-77.7714727",1702595708,No Identifier - Unknown Manufacturer
62:DF:81:98:XX:XX,null,"39.623657,-77.7714727",1702595708,No Identifier - Unknown Manufacturer
FE:B8:E3:37:XX:XX,null,"39.623657,-77.7714727",1702595708,No Identifier - Unknown Manufacturer
46:98:BD:62:XX:XX,null,"39.623657,-77.7714727",1702595708,No Identifier - Unknown Manufacturer
49:6B:21:22:XX:XX,null,"39.623657,-77.7714727",1702595708,No Identifier - Unknown Manufacturer
72:96:A2:22:XX:XX,null,"39.623657,-77.7714727",1702595708,No Identifier - Unknown Manufacturer
4A:A2:7A:61:XX:XX,null,"39.623657,-77.7714727",1702595708,No Identifier - Unknown Manufacturer
3F:32:66:44:XX:XX,null,"39.623657,-77.7714727",1702595708,No Identifier - Unknown Manufacturer
59:CC:71:D4:XX:XX,null,"39.623657,-77.7714727",1702595708,No Identifier - Unknown Manufacturer
52:85:36:8B:XX:XX,null,"39.623657,-77.7714727",1702595708,No Identifier - Unknown Manufacturer
4D:4A:E9:D5:XX:XX,null,"39.623657,-77.7714727",1702595708,No Identifier - Unknown Manufacturer
32:24:A9:6C:XX:XX,null,"39.623657,-77.7714727",1702595708,No Identifier - Unknown Manufacturer
78:26:85:56:XX:XX,null,"39.623657,-77.7714727",1702595708,No Identifier - Unknown Manufacturer
7A:38:2B:3A:XX:XX,null,"39.623657,-77.7714727",1702595708,No Identifier - Unknown Manufacturer
F2:6B:10:66:XX:XX,WGX iBeacon,"39.623657,-77.7714727",1702595708,Retail Consumer Tracking Beacon
44:BB:3B:09:XX:XX,Nest Cam,"39.623657,-77.7714727",1702595708,Security Camera
EB:73:D7:C1:XX:XX,null,"39.623657,-77.7714727",1702595708,No Identifier - Unknown Manufacturer
60:12:74:B7:XX:XX,null,"39.623657,-77.7714727",1702595708,No Identifier - Unknown Manufacturer
68:C6:84:9D:XX:XX,null,"39.623657,-77.7714727",1702595708,No Identifier - Unknown Manufacturer
CE:DD:EF:BD:XX:XX,null,"39.623657,-77.7714727",1702595708,No Identifier - Unknown Manufacturer
6B:26:66:14:XX:XX,null,"39.623657,-77.7714727",1702595708,No Identifier - Unknown Manufacturer
DC:7E:D5:FE:XX:XX,null,"39.623657,-77.7714727",1702595708,No Identifier - Unknown Manufacturer
68:79:1C:BC:XX:XX,null,"39.623657,-77.7714727",1702595708,No Identifier - Unknown Manufacturer
F2:8F:1D:34:XX:XX,null,"39.623657,-77.7714727",1702595708,No Identifier - Unknown Manufacturer
79:DB:15:05:XX:XX,null,"39.623657,-77.7714727",1702595708,No Identifier - Unknown Manufacturer
13:40:EB:69:XX:XX,null,"39.6236773,-77.7715161",1702595841,No Identifier - Unknown Manufacturer
88:6B:0F:2E:XX:XX,null,"39.6236773,-77.7715161",1702595841,No Identifier - Unknown Manufacturer
EB:73:D7:C1:XX:XX,null,"39.6236773,-77.7715161",1702595841,No Identifier - Unknown Manufacturer
56:DE:4A:BE:XX:XX,null,"39.6236773,-77.7715161",1702595841,No Identifier - Unknown Manufacturer
5A:63:5E:75:XX:XX,null,"39.6236773,-77.7715161",1702595841,No Identifier - Unknown Manufacturer
32:24:A9:6C:XX:XX,null,"39.6236773,-77.7715161",1702595841,No Identifier - Unknown Manufacturer
CE:DD:EF:BD:XX:XX,null,"39.6236773,-77.7715161",1702595841,No Identifier - Unknown Manufacturer
3F:32:66:44:XX:XX,null,"39.6236773,-77.7715161",1702595841,No Identifier - Unknown Manufacturer
6B:A8:16:14:XX:XX,null,"39.6236773,-77.7715161",1702595841,No Identifier - Unknown Manufacturer
78:26:85:56:XX:XX,null,"39.6236773,-77.7715161",1702595841,No Identifier - Unknown Manufacturer
48:6B:72:95:XX:XX,null,"39.6236773,-77.7715161",1702595841,No Identifier - Unknown Manufacturer
FD:84:85:D0:XX:XX,null,"39.6236773,-77.7715161",1702595841,No Identifier - Unknown Manufacturer
55:1A:6B:8F:XX:XX,null,"39.6236773,-77.7715161",1702595841,No Identifier - Unknown Manufacturer
71:9A:0D:72:XX:XX,null,"39.6236773,-77.7715161",1702595841,No Identifier - Unknown Manufacturer
79:DB:15:05:XX:XX,null,"39.6236773,-77.7715161",1702595841,No Identifier - Unknown Manufacturer
62:DF:81:98:XX:XX,null,"39.6236773,-77.7715161",1702595841,No Identifier - Unknown Manufacturer
51:D7:A7:EB:XX:XX,null,"39.6236773,-77.7715161",1702595841,No Identifier - Unknown Manufacturer
65:11:7E:45:XX:XX,null,"39.6236773,-77.7715161",1702595841,No Identifier - Unknown Manufacturer
30:42:A1:01:XX:XX,tAC  7511 0Z---,"39.6236773,-77.7715161",1702595841,Smart Light
6F:C2:CC:84:XX:XX,null,"39.6236773,-77.7715161",1702595841,No Identifier - Unknown Manufacturer
C6:40:13:A6:XX:XX,null,"39.6236773,-77.7715161",1702595841,No Identifier - Unknown Manufacturer
30:42:A1:01:XX:XX,tAC  704c 0Z---,"39.6236773,-77.7715161",1702595841,Smart Light
CE:39:46:63:XX:XX,null,"39.6236773,-77.7715161",1702595841,No Identifier - Unknown Manufacturer
44:BB:3B:09:XX:XX,Nest Cam,"39.6236773,-77.7715161",1702595841,Security Camera
72:A5:54:5A:XX:XX,null,"39.6236773,-77.7715161",1702595841,No Identifier - Unknown Manufacturer
4B:74:AB:91:XX:XX,null,"39.6236773,-77.7715161",1702595841,No Identifier - Unknown Manufacturer
5D:FF:DB:8A:XX:XX,null,"39.6236773,-77.7715161",1702595841,No Identifier - Unknown Manufacturer
F0:4D:D9:C1:XX:XX,null,"39.6236773,-77.7715161",1702595841,No Identifier - Unknown Manufacturer
69:0B:B9:5F:XX:XX,null,"39.6236773,-77.7715161",1702595887,No Identifier - Unknown Manufacturer
D0:CC:E1:65:XX:XX,null,"39.6236773,-77.7715161",1702595887,No Identifier - Unknown Manufacturer
F2:6B:10:66:XX:XX,WGX iBeacon,"39.6236773,-77.7715161",1702595887,Retail Consumer Tracking Beacon
3F:32:66:44:XX:XX,null,"39.6236773,-77.7715161",1702595887,No Identifier - Unknown Manufacturer
F0:4D:D9:C1:XX:XX,null,"39.6236773,-77.7715161",1702595887,No Identifier - Unknown Manufacturer
13:40:EB:69:XX:XX,null,"39.6236773,-77.7715161",1702595887,No Identifier - Unknown Manufacturer
88:6B:0F:2E:XX:XX,null,"39.6236773,-77.7715161",1702595887,No Identifier - Unknown Manufacturer
6E:8E:EC:6C:XX:XX,null,"39.6236773,-77.7715161",1702595887,No Identifier - Unknown Manufacturer
7A:F3:15:DD:XX:XX,null,"39.6236773,-77.7715161",1702595887,No Identifier - Unknown Manufacturer
7D:09:8A:CC:XX:XX,null,"39.6236773,-77.7715161",1702595887,No Identifier - Unknown Manufacturer
6A:F3:96:2C:XX:XX,null,"39.6236773,-77.7715161",1702595887,No Identifier - Unknown Manufacturer
72:A5:54:5A:XX:XX,null,"39.6236773,-77.7715161",1702595887,No Identifier - Unknown Manufacturer
F2:17:34:47:XX:XX,null,"39.6236773,-77.7715161",1702595887,No Identifier - Unknown Manufacturer
5F:00:2F:7F:XX:XX,null,"39.6236773,-77.7715161",1702595887,No Identifier - Unknown Manufacturer
68:79:1C:BC:XX:XX,null,"39.6236773,-77.7715161",1702595887,No Identifier - Unknown Manufacturer
32:24:A9:6C:XX:XX,null,"39.6236773,-77.7715161",1702595887,No Identifier - Unknown Manufacturer
FF:21:FE:13:XX:XX,null,"39.6236773,-77.7715161",1702595887,No Identifier - Unknown Manufacturer
79:DB:15:05:XX:XX,null,"39.6236773,-77.7715161",1702595887,No Identifier - Unknown Manufacturer
5A:63:5E:75:XX:XX,null,"39.6236773,-77.7715161",1702595887,No Identifier - Unknown Manufacturer
68:34:27:C6:XX:XX,null,"39.6236773,-77.7715161",1702595887,No Identifier - Unknown Manufacturer
5D:67:0C:ED:XX:XX,null,"39.6236773,-77.7715161",1702595887,No Identifier - Unknown Manufacturer
48:9E:61:16:XX:XX,null,"39.6236773,-77.7715161",1702595887,No Identifier - Unknown Manufacturer
6F:C2:CC:84:XX:XX,null,"39.6236773,-77.7715161",1702595887,No Identifier - Unknown Manufacturer
E0:D9:5E:56:XX:XX,null,"39.6236773,-77.7715161",1702595887,No Identifier - Unknown Manufacturer
44:BB:3B:09:XX:XX,Nest Cam,"39.6236773,-77.7715161",1702595887,Security Camera
C9:92:F9:26:XX:XX,null,"39.6236773,-77.7715161",1702595887,No Identifier - Unknown Manufacturer
D2:24:EE:16:XX:XX,null,"39.6236773,-77.7715161",1702595887,No Identifier - Unknown Manufacturer
C6:40:13:A6:XX:XX,null,"39.6236773,-77.7715161",1702595887,No Identifier - Unknown Manufacturer
4B:74:AB:91:XX:XX,null,"39.6236773,-77.7715161",1702595887,No Identifier - Unknown Manufacturer
45:05:51:14:XX:XX,null,"39.6249393,-77.7710114",1702596320,No Identifier - Unknown Manufacturer
68:3A:1E:2E:XX:XX,null,"39.6249393,-77.7710114",1702596320,No Identifier - Unknown Manufacturer
68:3A:1E:2E:XX:XX,null,"39.6249393,-77.7710114",1702596320,No Identifier - Unknown Manufacturer
EF:AF:B3:2C:XX:XX,null,"39.6249393,-77.7710114",1702596320,No Identifier - Unknown Manufacturer
68:3A:1E:2E:XX:XX,null,"39.6249393,-77.7710114",1702596320,No Identifier - Unknown Manufacturer
1B:04:87:C0:XX:XX,null,"39.6249393,-77.7710114",1702596320,No Identifier - Unknown Manufacturer
4D:A5:36:34:XX:XX,null,"39.6249393,-77.7710114",1702596320,No Identifier - Unknown Manufacturer
67:72:07:88:XX:XX,null,"39.6249393,-77.7710114",1702596320,No Identifier - Unknown Manufacturer
66:89:1B:83:XX:XX,H,"39.6249393,-77.7710114",1702596320,Generic Identifier - Unknown Vendor
68:3A:1E:2E:XX:XX,null,"39.6249393,-77.7710114",1702596320,No Identifier - Unknown Manufacturer
53:BD:3B:F1:XX:XX,null,"39.6249393,-77.7710114",1702596320,No Identifier - Unknown Manufacturer
7C:7E:F8:9D:XX:XX,null,"39.6249393,-77.7710114",1702596320,No Identifier - Unknown Manufacturer
56:31:FD:32:XX:XX,null,"39.6249393,-77.7710114",1702596320,No Identifier - Unknown Manufacturer
8C:F6:81:E8:XX:XX,SCH_290R,"39.6249393,-77.7710114",1702596320,Fitness Equipment
CB:8D:B9:B8:XX:XX,null,"39.6249393,-77.7710114",1702596320,No Identifier - Unknown Manufacturer
57:4C:54:4D:XX:XX,HORIZON_7.0AT 230C,"39.6249393,-77.7710114",1702596320,Fitness Equipment
DF:84:A9:A7:XX:XX,null,"39.6249393,-77.7710114",1702596320,No Identifier - Unknown Manufacturer
68:3A:1E:2E:XX:XX,null,"39.6249393,-77.7710114",1702596320,No Identifier - Unknown Manufacturer
84:2E:14:51:XX:XX,Bowflex M6,"39.6249393,-77.7710114",1702596320,Fitness Equipment
68:3A:1E:2E:XX:XX,null,"39.6249393,-77.7710114",1702596320,No Identifier - Unknown Manufacturer
2D:ED:33:FA:XX:XX,null,"39.6249393,-77.7710114",1702596320,No Identifier - Unknown Manufacturer
5F:EE:33:07:XX:XX,null,"39.6249393,-77.7710114",1702596320,No Identifier - Unknown Manufacturer
5E:19:F1:89:XX:XX,null,"39.6249393,-77.7710114",1702596320,No Identifier - Unknown Manufacturer
74:8C:ED:CB:XX:XX,null,"39.6249393,-77.7710114",1702596320,No Identifier - Unknown Manufacturer
6D:8E:85:84:XX:XX,null,"39.6249393,-77.7710114",1702596320,No Identifier - Unknown Manufacturer
5D:BA:B3:6D:XX:XX,null,"39.6249393,-77.7710114",1702596320,No Identifier - Unknown Manufacturer
3E:1B:81:0A:XX:XX,null,"39.6249393,-77.7710114",1702596320,No Identifier - Unknown Manufacturer
41:2F:CE:C9:XX:XX,null,"39.6251135,-77.771003",1702596493,No Identifier - Unknown Manufacturer
1B:04:87:C0:XX:XX,null,"39.6251135,-77.771003",1702596493,No Identifier - Unknown Manufacturer
66:89:1B:83:XX:XX,H,"39.6251135,-77.771003",1702596493,Generic Identifier - Unknown Vendor
7D:90:3B:43:XX:XX,null,"39.6251135,-77.771003",1702596493,No Identifier - Unknown Manufacturer
68:3A:1E:2E:XX:XX,null,"39.6251135,-77.771003",1702596493,No Identifier - Unknown Manufacturer
D8:02:64:8C:XX:XX,null,"39.6251135,-77.771003",1702596493,No Identifier - Unknown Manufacturer
40:D5:98:65:XX:XX,null,"39.6251135,-77.771003",1702596493,No Identifier - Unknown Manufacturer
ED:D3:FD:72:XX:XX,null,"39.6251135,-77.771003",1702596493,No Identifier - Unknown Manufacturer
48:AC:C2:29:XX:XX,null,"39.6251135,-77.771003",1702596493,No Identifier - Unknown Manufacturer
34:6E:68:4A:XX:XX,null,"39.6251135,-77.771003",1702596493,No Identifier - Unknown Manufacturer
68:3A:1E:2E:XX:XX,null,"39.6251135,-77.771003",1702596493,No Identifier - Unknown Manufacturer
4F:5D:C6:FC:XX:XX,null,"39.6251135,-77.771003",1702596493,No Identifier - Unknown Manufacturer
68:3A:1E:2E:XX:XX,null,"39.6251135,-77.771003",1702596493,No Identifier - Unknown Manufacturer
57:4C:54:4D:XX:XX,HORIZON_7.0AT 230C,"39.6251135,-77.771003",1702596493,Fitness Equipment
77:6C:41:53:XX:XX,null,"39.6251135,-77.771003",1702596493,No Identifier - Unknown Manufacturer
59:3C:3F:E6:XX:XX,null,"39.6251135,-77.771003",1702596493,No Identifier - Unknown Manufacturer
CB:8D:B9:B8:XX:XX,null,"39.6251135,-77.771003",1702596493,No Identifier - Unknown Manufacturer
EC:4D:E3:66:XX:XX,null,"39.6251135,-77.771003",1702596493,No Identifier - Unknown Manufacturer
5F:26:7E:D8:XX:XX,null,"39.6251135,-77.771003",1702596493,No Identifier - Unknown Manufacturer
68:3A:1E:2E:XX:XX,null,"39.6251135,-77.771003",1702596493,No Identifier - Unknown Manufacturer
5D:36:79:13:XX:XX,null,"39.6251135,-77.771003",1702596493,No Identifier - Unknown Manufacturer
68:3A:1E:2E:XX:XX,null,"39.6251135,-77.771003",1702596493,No Identifier - Unknown Manufacturer
77:E9:5D:EF:XX:XX,null,"39.6251135,-77.771003",1702596493,No Identifier - Unknown Manufacturer
47:4C:D8:1A:XX:XX,null,"39.6251135,-77.771003",1702596493,No Identifier - Unknown Manufacturer
68:3A:1E:2E:XX:XX,null,"39.6251135,-77.771003",1702596493,No Identifier - Unknown Manufacturer
2D:ED:33:FA:XX:XX,null,"39.6251135,-77.771003",1702596493,No Identifier - Unknown Manufacturer
D5:42:D1:1D:XX:XX,null,"39.6251135,-77.771003",1702596493,No Identifier - Unknown Manufacturer
D4:ED:7A:42:XX:XX,null,"39.6251135,-77.771003",1702596493,No Identifier - Unknown Manufacturer
4B:DB:5D:DC:XX:XX,null,"39.6251135,-77.771003",1702596493,No Identifier - Unknown Manufacturer
4B:99:10:06:XX:XX,null,"39.6251135,-77.771003",1702596493,No Identifier - Unknown Manufacturer
68:3A:1E:2E:XX:XX,null,"39.6251135,-77.771003",1702596493,No Identifier - Unknown Manufacturer
66:1A:A5:E1:XX:XX,null,"39.6251135,-77.771003",1702596493,No Identifier - Unknown Manufacturer
CC:57:85:76:XX:XX,null,"39.6251135,-77.771003",1702596493,No Identifier - Unknown Manufacturer
68:3A:1E:2E:XX:XX,null,"39.6251135,-77.771003",1702596493,No Identifier - Unknown Manufacturer
72:15:82:4F:XX:XX,null,"39.6251135,-77.771003",1702596493,No Identifier - Unknown Manufacturer
DF:2A:58:9F:XX:XX,null,"39.6251135,-77.771003",1702596493,No Identifier - Unknown Manufacturer
D0:FF:B2:CC:XX:XX,null,"39.6251135,-77.771003",1702596493,No Identifier - Unknown Manufacturer
CD:E8:36:C5:XX:XX,null,"39.6251135,-77.771003",1702596493,No Identifier - Unknown Manufacturer
57:89:24:89:XX:XX,null,"39.6253432,-77.7709262",1702596662,No Identifier - Unknown Manufacturer
68:AC:E0:61:XX:XX,null,"39.6253432,-77.7709262",1702596662,No Identifier - Unknown Manufacturer
67:8B:03:D9:XX:XX,null,"39.6253432,-77.7709262",1702596662,No Identifier - Unknown Manufacturer
5B:99:85:BC:XX:XX,null,"39.6253432,-77.7709262",1702596662,No Identifier - Unknown Manufacturer
6B:6A:94:B3:XX:XX,null,"39.6253432,-77.7709262",1702596662,No Identifier - Unknown Manufacturer
52:56:5D:BA:XX:XX,null,"39.6253432,-77.7709262",1702596662,No Identifier - Unknown Manufacturer
52:37:A7:E1:XX:XX,null,"39.6253432,-77.7709262",1702596662,No Identifier - Unknown Manufacturer
E0:EF:A2:ED:XX:XX,null,"39.6253432,-77.7709262",1702596662,No Identifier - Unknown Manufacturer
F5:3D:B6:AF:XX:XX,null,"39.6253432,-77.7709262",1702596662,No Identifier - Unknown Manufacturer
68:3A:1E:2E:XX:XX,null,"39.6253432,-77.7709262",1702596662,No Identifier - Unknown Manufacturer
68:3A:1E:2E:XX:XX,null,"39.6253432,-77.7709262",1702596662,No Identifier - Unknown Manufacturer
58:66:E5:8F:XX:XX,null,"39.6253432,-77.7709262",1702596662,No Identifier - Unknown Manufacturer
4B:CD:38:B3:XX:XX,null,"39.6253432,-77.7709262",1702596662,No Identifier - Unknown Manufacturer
0C:B6:D7:89:XX:XX,null,"39.6253432,-77.7709262",1702596662,No Identifier - Unknown Manufacturer
D2:FC:B2:F1:XX:XX,null,"39.6253432,-77.7709262",1702596662,No Identifier - Unknown Manufacturer
4E:A2:9F:C8:XX:XX,null,"39.6253432,-77.7709262",1702596662,No Identifier - Unknown Manufacturer
43:21:84:D5:XX:XX,null,"39.6253432,-77.7709262",1702596662,No Identifier - Unknown Manufacturer
F9:66:94:E2:XX:XX,null,"39.6253432,-77.7709262",1702596662,No Identifier - Unknown Manufacturer
61:B3:21:9B:XX:XX,null,"39.6253432,-77.7709262",1702596662,No Identifier - Unknown Manufacturer
44:51:A2:44:XX:XX,null,"39.6253432,-77.7709262",1702596662,No Identifier - Unknown Manufacturer
7E:95:80:95:XX:XX,null,"39.6253432,-77.7709262",1702596662,No Identifier - Unknown Manufacturer
66:28:2F:94:XX:XX,null,"39.6253432,-77.7709262",1702596662,No Identifier - Unknown Manufacturer
40:52:FE:43:XX:XX,null,"39.6253432,-77.7709262",1702596662,No Identifier - Unknown Manufacturer
67:CD:64:80:XX:XX,null,"39.6253432,-77.7709262",1702596662,No Identifier - Unknown Manufacturer
52:1A:19:55:XX:XX,null,"39.6253432,-77.7709262",1702596662,No Identifier - Unknown Manufacturer
D5:21:54:58:XX:XX,null,"39.6253432,-77.7709262",1702596662,No Identifier - Unknown Manufacturer
65:BD:42:5B:XX:XX,null,"39.6253432,-77.7709262",1702596662,No Identifier - Unknown Manufacturer
47:F3:91:FA:XX:XX,null,"39.6253432,-77.7709262",1702596662,No Identifier - Unknown Manufacturer
D8:C2:A2:FD:XX:XX,null,"39.6253432,-77.7709262",1702596662,No Identifier - Unknown Manufacturer
F9:6E:89:5F:XX:XX,null,"39.6253432,-77.7709262",1702596662,No Identifier - Unknown Manufacturer
E8:3B:2C:C1:XX:XX,null,"39.6253432,-77.7709262",1702596662,No Identifier - Unknown Manufacturer
F2:07:A5:D4:XX:XX,null,"39.6253432,-77.7709262",1702596662,No Identifier - Unknown Manufacturer
73:7B:F1:B3:XX:XX,null,"39.6253432,-77.7709262",1702596662,No Identifier - Unknown Manufacturer
C2:18:03:8B:XX:XX,null,"39.6253432,-77.7709262",1702596662,No Identifier - Unknown Manufacturer
74:A4:8A:98:XX:XX,null,"39.6253432,-77.7709262",1702596662,No Identifier - Unknown Manufacturer
68:3A:1E:2E:XX:XX,null,"39.6253432,-77.7709262",1702596662,No Identifier - Unknown Manufacturer
77:6C:41:53:XX:XX,null,"39.6253432,-77.7709262",1702596662,No Identifier - Unknown Manufacturer
D8:01:CF:F2:XX:XX,null,"39.6253432,-77.7709262",1702596662,No Identifier - Unknown Manufacturer
68:14:54:70:XX:XX,null,"39.6253432,-77.7709262",1702596662,No Identifier - Unknown Manufacturer
65:E1:56:2D:XX:XX,null,"39.6253432,-77.7709262",1702596662,No Identifier - Unknown Manufacturer
68:3A:1E:2E:XX:XX,null,"39.6253432,-77.7709262",1702596662,No Identifier - Unknown Manufacturer
22:C0:D7:59:XX:XX,null,"39.6253432,-77.7709262",1702596662,No Identifier - Unknown Manufacturer
66:89:1B:83:XX:XX,H,"39.6253432,-77.7709262",1702596662,Generic Identifier - Unknown Vendor
E6:98:7F:39:XX:XX,null,"39.6253432,-77.7709262",1702596662,No Identifier - Unknown Manufacturer
C9:E7:81:63:XX:XX,null,"39.6253432,-77.7709262",1702596662,No Identifier - Unknown Manufacturer
72:15:82:4F:XX:XX,null,"39.6253432,-77.7709262",1702596662,No Identifier - Unknown Manufacturer
72:A0:00:84:XX:XX,null,"39.6253432,-77.7709262",1702596662,No Identifier - Unknown Manufacturer
28:56:1F:D9:XX:XX,null,"39.6253432,-77.7709262",1702596662,No Identifier - Unknown Manufacturer
41:DF:CC:0E:XX:XX,null,"39.6253432,-77.7709262",1702596662,No Identifier - Unknown Manufacturer
6B:F2:7D:5E:XX:XX,null,"39.6253432,-77.7709262",1702596662,No Identifier - Unknown Manufacturer
4C:F6:CE:A1:XX:XX,null,"39.6253432,-77.7709262",1702596662,No Identifier - Unknown Manufacturer
2D:ED:33:FA:XX:XX,null,"39.6253432,-77.7709262",1702596662,No Identifier - Unknown Manufacturer
08:31:15:BE:XX:XX,null,"39.6253432,-77.7709262",1702596662,No Identifier - Unknown Manufacturer
D0:F5:9B:AB:XX:XX,null,"39.6253432,-77.7709262",1702596662,No Identifier - Unknown Manufacturer
EE:EB:7D:45:XX:XX,null,"39.6253432,-77.7709262",1702596706,No Identifier - Unknown Manufacturer
7D:7E:9A:C5:XX:XX,null,"39.6248705,-77.7699948",1702596937,No Identifier - Unknown Manufacturer
77:F3:AD:64:XX:XX,null,"39.6248705,-77.7699948",1702596937,No Identifier - Unknown Manufacturer
17:62:B2:C6:XX:XX,null,"39.6248705,-77.7699948",1702596937,No Identifier - Unknown Manufacturer
EE:09:09:4A:XX:XX,null,"39.6248705,-77.7699948",1702596937,No Identifier - Unknown Manufacturer
07:71:64:A0:XX:XX,null,"39.6248705,-77.7699948",1702596937,No Identifier - Unknown Manufacturer
2B:E3:DF:4A:XX:XX,null,"39.6248705,-77.7699948",1702596937,No Identifier - Unknown Manufacturer
6A:31:9C:D5:XX:XX,null,"39.6248705,-77.7699948",1702596937,No Identifier - Unknown Manufacturer
4A:CC:12:8C:XX:XX,null,"39.6248705,-77.7699948",1702596937,No Identifier - Unknown Manufacturer
6C:54:36:07:XX:XX,null,"39.6248705,-77.7699948",1702596937,No Identifier - Unknown Manufacturer
4A:57:CB:DE:XX:XX,null,"39.6248705,-77.7699948",1702596937,No Identifier - Unknown Manufacturer
3F:E8:C6:26:XX:XX,null,"39.6248705,-77.7699948",1702596937,No Identifier - Unknown Manufacturer
D4:AD:FC:20:XX:XX,GBK_H619B_C018,"39.6248705,-77.7699948",1702596937,Smart Light
18:4A:0C:7F:XX:XX,null,"39.6248705,-77.7699948",1702596937,No Identifier - Unknown Manufacturer
46:E7:38:13:XX:XX,null,"39.6248705,-77.7699948",1702596937,No Identifier - Unknown Manufacturer
67:0E:7E:85:XX:XX,null,"39.6248705,-77.7699948",1702596937,No Identifier - Unknown Manufacturer
46:53:CC:2E:XX:XX,null,"39.6248705,-77.7699948",1702596937,No Identifier - Unknown Manufacturer
39:18:5F:8F:XX:XX,null,"39.6248705,-77.7699948",1702596937,No Identifier - Unknown Manufacturer
74:19:C3:19:XX:XX,null,"39.6248705,-77.7699948",1702596937,No Identifier - Unknown Manufacturer
75:13:70:D8:XX:XX,null,"39.6248705,-77.7699948",1702596937,No Identifier - Unknown Manufacturer
30:42:A1:01:XX:XX,tAC  8144 11---,"39.6248705,-77.7699948",1702596937,Smart Light
6F:66:D5:8D:XX:XX,null,"39.6248705,-77.7699948",1702596937,No Identifier - Unknown Manufacturer
7C:55:E7:75:XX:XX,null,"39.6248705,-77.7699948",1702596937,No Identifier - Unknown Manufacturer
40:37:FE:13:XX:XX,null,"39.6248705,-77.7699948",1702596937,No Identifier - Unknown Manufacturer
2A:EF:99:72:XX:XX,null,"39.6248705,-77.7699948",1702596937,No Identifier - Unknown Manufacturer
4E:09:36:0D:XX:XX,null,"39.6248705,-77.7699948",1702596937,No Identifier - Unknown Manufacturer
61:96:B8:55:XX:XX,null,"39.6248705,-77.7699948",1702596937,No Identifier - Unknown Manufacturer
54:DA:98:DB:XX:XX,null,"39.6248705,-77.7699948",1702596937,No Identifier - Unknown Manufacturer
4B:29:49:F7:XX:XX,null,"39.6248705,-77.7699948",1702596937,No Identifier - Unknown Manufacturer
4D:1C:8A:E8:XX:XX,null,"39.6248705,-77.7699948",1702596937,No Identifier - Unknown Manufacturer
24:76:63:25:XX:XX,null,"39.6248705,-77.7699948",1702596937,No Identifier - Unknown Manufacturer
17:62:B2:C6:XX:XX,null,"39.6250755,-77.7698759",1702597005,No Identifier - Unknown Manufacturer
EA:D3:98:30:XX:XX,null,"39.6250755,-77.7698759",1702597005,No Identifier - Unknown Manufacturer
C1:B4:6C:22:XX:XX,null,"39.6250755,-77.7698759",1702597005,No Identifier - Unknown Manufacturer
DB:D7:FB:A4:XX:XX,null,"39.6250755,-77.7698759",1702597005,No Identifier - Unknown Manufacturer
53:88:84:22:XX:XX,null,"39.6250755,-77.7698759",1702597005,No Identifier - Unknown Manufacturer
77:A5:41:88:XX:XX,null,"39.6250755,-77.7698759",1702597005,No Identifier - Unknown Manufacturer
6E:73:2D:F4:XX:XX,null,"39.6250755,-77.7698759",1702597005,No Identifier - Unknown Manufacturer
A4:DA:32:25:XX:XX,Square Reader 0795,"39.6250755,-77.7698759",1702597005,Payment Processing
60:77:71:E1:XX:XX,Square Reader 5028,"39.6250755,-77.7698759",1702597005,Payment Processing
74:42:22:36:XX:XX,null,"39.6250755,-77.7698759",1702597005,No Identifier - Unknown Manufacturer
18:4A:0C:7F:XX:XX,null,"39.6250755,-77.7698759",1702597005,No Identifier - Unknown Manufacturer
24:76:63:25:XX:XX,null,"39.6250755,-77.7698759",1702597005,No Identifier - Unknown Manufacturer
63:F3:97:5F:XX:XX,null,"39.6250755,-77.7698759",1702597005,No Identifier - Unknown Manufacturer
62:B8:64:1D:XX:XX,null,"39.6250755,-77.7698759",1702597005,No Identifier - Unknown Manufacturer
6A:5B:76:A1:XX:XX,null,"39.6250755,-77.7698759",1702597005,No Identifier - Unknown Manufacturer
22:FC:6B:09:XX:XX,null,"39.6250755,-77.7698759",1702597005,No Identifier - Unknown Manufacturer
6B:3A:BE:22:XX:XX,null,"39.6250755,-77.7698759",1702597005,No Identifier - Unknown Manufacturer
6E:2D:81:7A:XX:XX,null,"39.6250755,-77.7698759",1702597005,No Identifier - Unknown Manufacturer
7B:B2:5C:A8:XX:XX,null,"39.6250755,-77.7698759",1702597005,No Identifier - Unknown Manufacturer
4D:DB:3C:A1:XX:XX,null,"39.6250755,-77.7698759",1702597005,No Identifier - Unknown Manufacturer
6C:2E:D1:F2:XX:XX,null,"39.6250755,-77.7698759",1702597005,No Identifier - Unknown Manufacturer
79:BA:4C:9F:XX:XX,null,"39.6250755,-77.7698759",1702597005,No Identifier - Unknown Manufacturer
59:3D:FA:38:XX:XX,null,"39.6250755,-77.7698759",1702597005,No Identifier - Unknown Manufacturer
6A:A2:EB:07:XX:XX,null,"39.6250755,-77.7698759",1702597005,No Identifier - Unknown Manufacturer
2B:E3:DF:4A:XX:XX,null,"39.6250755,-77.7698759",1702597005,No Identifier - Unknown Manufacturer
07:71:64:A0:XX:XX,null,"39.6250755,-77.7698759",1702597005,No Identifier - Unknown Manufacturer
6C:7D:22:76:XX:XX,null,"39.6250755,-77.7698759",1702597005,No Identifier - Unknown Manufacturer
4A:1D:B5:F6:XX:XX,null,"39.6250755,-77.7698759",1702597005,No Identifier - Unknown Manufacturer
6C:64:6F:73:XX:XX,null,"39.6253055,-77.7698105",1702597075,No Identifier - Unknown Manufacturer
2B:E3:DF:4A:XX:XX,null,"39.6253055,-77.7698105",1702597075,No Identifier - Unknown Manufacturer
F8:89:EB:B2:XX:XX,null,"39.6253055,-77.7698105",1702597075,No Identifier - Unknown Manufacturer
24:76:63:25:XX:XX,null,"39.6253055,-77.7698105",1702597075,No Identifier - Unknown Manufacturer
E0:89:7E:66:XX:XX,null,"39.6253055,-77.7698105",1702597075,No Identifier - Unknown Manufacturer
46:72:85:DD:XX:XX,null,"39.6253055,-77.7698105",1702597075,No Identifier - Unknown Manufacturer
30:22:AC:00:XX:XX,null,"39.6246618,-77.7683953",1702597497,No Identifier - Unknown Manufacturer
12:34:56:C4:XX:XX,BLE,"39.6246974,-77.7684149",1702598396,Generic Identifier - Unknown Vendor
51:32:54:0E:XX:XX,null,"39.6246974,-77.7684149",1702598446,No Identifier - Unknown Manufacturer
CE:22:99:4A:XX:XX,null,"39.6239667,-77.7694754",1702598548,No Identifier - Unknown Manufacturer
4F:AB:13:C2:XX:XX,null,"39.623793,-77.772485",1702598757,No Identifier - Unknown Manufacturer
22:C0:D7:59:XX:XX,null,"39.6255299,-77.7708346",1702598914,No Identifier - Unknown Manufacturer
E2:E4:BC:9B:XX:XX,null,"39.6255221,-77.7708109",1702599075,No Identifier - Unknown Manufacturer
36:A8:15:9B:XX:XX,null,"39.6255215,-77.7708068",1702599256,No Identifier - Unknown Manufacturer
52:E7:48:F2:XX:XX,null,"39.6255215,-77.7708068",1702599452,No Identifier - Unknown Manufacturer
3C:9F:BA:F2:XX:XX,null,"39.6257473,-77.7708913",1702599565,No Identifier - Unknown Manufacturer
54:1F:09:BB:XX:XX,null,"39.6279525,-77.7685395",1702599720,No Identifier - Unknown Manufacturer
47:59:43:30:XX:XX,null,"39.6413391,-77.7348246",1702600039,No Identifier - Unknown Manufacturer
72:00:70:5A:XX:XX,null,"39.6436549,-77.7236865",1702600187,No Identifier - Unknown Manufacturer
5F:C2:D3:13:XX:XX,null,"39.641855,-77.7199773",1702600231,No Identifier - Unknown Manufacturer
0C:C8:44:1A:XX:XX,null,"39.637838,-77.7103729",1702600326,No Identifier - Unknown Manufacturer
C8:40:52:3B:XX:XX,D135-1890097856,"39.6340018,-77.703802",1702600399,Payment Processing
50:B5:2C:8E:XX:XX,null,"39.6166439,-77.6927948",1702600546,No Identifier - Unknown Manufacturer